<?xml version='1.0' encoding="utf-8"?>

<toc version="2.0">
<!-- First tocitem specifies top level in Help browser Contents pane -->
<!-- This can be a roadmap page, as shown below, or a content page -->
    <tocitem target="html/bem_product_page.html">MNPBEM Toolbox
        <!-- Nest tocitems to create hierarchical entries in  Contents-->
        <!-- To include icons, use the following syntax for tocitems: -->
        <!-- <tocitem target="foo.html" image="HelpIcon.NAME"> -->
        <!-- Title-of-Section </tocitem> -->
        <!-- where NAME is one of the following (use capital letters): -->
        <!-- FUNCTION, USER_GUIDE, EXAMPLES, BLOCK, GETTING_STARTED, -->
        <!-- DEMOS, RELEASE_NOTES --> 
        <!-- Icon images used for these entries are also stored in -->
        <!-- matlabroot/toolbox/matlab/icons -->
        <!-- A Getting Started Guide usually comes first -->
        <tocitem target="html/bem_gs_top.html" image="HelpIcon.GETTING_STARTED">
            Getting Started with the MNPBEM Toolbox
            <tocitem target="html/bem_gs_overview.html">
              Overview of the MNPBEM Toolbox
            </tocitem>
            <tocitem target="html/bem_gs_proscons.html">
              Pros and cons of the MNPBEM Toolbox
            </tocitem>            
        </tocitem>
        <!-- User Guide comes next -->
        <tocitem target="html/bem_ug_intro.html" 
            image="HelpIcon.USER_GUIDE">MNPBEM User Guide
            <tocitem target="html/bem_ug_bemsolver.html">       BEM solvers             </tocitem>
            <tocitem target="html/bem_ug_comparticle.html">     Comparticle class       </tocitem>
            <tocitem target="html/bem_ug_compoint.html">        Compoint class          </tocitem>
            <tocitem target="html/bem_ug_compstruct.html">      Compstruct class        </tocitem>
            <tocitem target="html/bem_ug_coverlayer.html">      Cover layers            </tocitem>
            <tocitem target="html/bem_ug_dielectric.html">      Dielectric materials    </tocitem>
            <tocitem target="html/bem_ug_dipole.html">          Dipole excitation       </tocitem>
            <tocitem target="html/bem_ug_eels.html">            EELS simulation         </tocitem>
            <tocitem target="html/bem_ug_efield.html">          Electric fields         </tocitem>
            <tocitem target="html/bem_ug_greenfunction.html">   Green functions         </tocitem>
            <tocitem target="html/bem_ug_iter.html">            Iterative BEM solvers         
              <tocitem target="html/bem_ug_bemiter.html">          Simulations with iterative BEM solvers   </tocitem>
              <tocitem target="html/bem_ug_clustertree.html">      Cluster tree                             </tocitem>
              <tocitem target="html/bem_ug_hmatrix.html">          Hierarchical matrices                    </tocitem>
            </tocitem>            
            <tocitem target="html/bem_ug_layer.html">           Layer structure         
              <tocitem target="html/bem_ug_layerstructure.html">   The layerstructure class             </tocitem>
              <tocitem target="html/bem_ug_layergreen.html">       Tabulated Green functions            </tocitem>
              <tocitem target="html/bem_ug_layersim.html">         Simulations with layer structures    </tocitem>
            </tocitem>
            <tocitem target="html/bem_ug_miesolver.html">       Mie solver              </tocitem>
            <tocitem target="html/bem_ug_symmetry.html">        Mirror symmetry         </tocitem>
            <tocitem target="html/bem_ug_options.html">         Options                 </tocitem>
            <tocitem target="html/bem_ug_particles.html">       Particles               
              <tocitem target="html/bem_ug_particle.html">       The particle class          </tocitem>
              <tocitem target="html/bem_ug_particleshapes.html"> Elementary particle shapes  </tocitem>
              <tocitem target="html/bem_ug_polygon.html">        Polygons                    </tocitem>
              <tocitem target="html/bem_ug_edgeprofile.html">    The edgeprofile class       </tocitem>
              <tocitem target="html/bem_ug_polygon3.html">       The polygon3 class          </tocitem>
              <tocitem target="html/bem_ug_integration.html">    Particle integration        </tocitem>         
            </tocitem>
            <tocitem target="html/bem_ug_planewave.html">       Planewave excitation    </tocitem>
            <tocitem target="html/bem_ug_bemsimulation.html">   Simulation approaches   </tocitem>  
            <tocitem target="html/bem_ug_spectrum.html">        Spectrum                </tocitem>
            <tocitem target="html/bem_ug_troubleshooting.html"> Troubleshooting         </tocitem>                                            
        </tocitem>
        <!-- Function reference next -->
        <!-- First item is page describing function categories, if any -->
        <tocitem target="html/bem_helpfun.html" 
                 image="HelpIcon.FUNCTION">Function Reference
        </tocitem>
        <!-- Optional List of Examples, with hyperlinks to examples in other files -->
        <tocitem target="html/bem_example.html" 
                 image="HelpIcon.EXAMPLES">MNPBEM Examples
            <tocitem target="html/bem_example1.html"> Planewave excitation   </tocitem>  
            <tocitem target="html/bem_example2.html"> Dipole excitation      </tocitem>
            <tocitem target="html/bem_example3.html"> EELS simulation        </tocitem>                  
        </tocitem>
    </tocitem>
</toc>